ApplicantIncome,LoanAmount,Credit_History,Gender_Male,Married_Yes,Loan_Status_Y
0.3777486782596871,0.48201127521215065,0.6454972243679028,True,True,True
-1.435444977386811,-1.446033825636452,0.6454972243679028,False,False,False
-0.528848149563562,0.0,-1.9364916731037083,True,True,True
0.0,-0.5696496888870871,0.6454972243679028,False,True,True
1.586544448690686,1.5336722393113884,0.0,False,True,False
