Pregnancies,Glucose,BloodPressure,SkinThickness,Insulin,BMI,DiabetesPedigreeFunction,Age,Outcome
0.517454889668201,0.8672383153172806,0.9657689204838701,1.183215956619924,0.0,0.4627933561275231,0.06109001090456781,2.354253623010378,1
-0.9609876522409447,-1.0086763238239616,0.40240371686827914,-0.5070925528371091,0.0,-0.7046133079779411,-0.35015006250179187,-0.06362847629757777,0
1.1088319064318592,1.9094131148401927,0.21461531566308217,1.0008636938234812e-15,0.0,-1.2549621639133743,0.12814002287299608,0.06362847629757777,1
-0.9609876522409447,-0.8895706324499144,0.40240371686827914,-2.197401062294142,-1.017421560046987,-0.4544547370981988,-0.6243101114393649,-1.3361980022491333,0
-1.2566761606227739,0.5396976640386509,-2.0388454987992817,1.183215956619924,2.3041605918711165,2.0471309716992243,2.535980452672551,0.19088542889273333,1
0.22176638128637186,-0.08560721567509637,1.153557321689067,1.0008636938234812e-15,0.0,-0.871385688564436,-0.5736501023965525,-0.19088542889273333,0
-0.3696106354772864,-1.217111283728544,-1.0999034927732967,0.33806170189140744,-1.2867390318241305,0.02918516660263613,-0.5036200898961942,-0.6999132392733555,1
1.7002089231955175,-0.11538363851860814,0.0,1.0008636938234812e-15,0.0,0.7463064031245636,-0.6734801202162123,-0.31814238148788887,0
